BUS#,x,y
1000,-238,-725
1001,-268,-685
1002,752,809
1003,769,804
1004,687,561
1005,662,546
1006,762,864
1007,260,-3033
1008,246,-3056
1009,276,-3103
1010,293,-3086
1011,1491,2184
1012,327,-1203
1013,352,-1214
1014,346,-1233
1015,2802,2320
1016,2806,2270
1017,1001,674
1018,1011,651
1019,915,383
1020,911,407
1021,2749,-1684
1022,1461,-880
1023,1660,-1072
1024,1660,-1046
1025,1612,-1106
1026,1948,2390
1027,2751,2808
1029,1319,-847
1030,1305,-872
1031,1078,-1731
1032,1292,-309
1033,960,-1530
1034,1244,1161
1036,1257,1143
1037,1227,1192
1038,1364,-1619
1039,1345,-1629
1040,1374,-1592
1041,1354,-1585
1042,1307,-1628
1043,1324,-1614
1044,551,47
1045,505,30
1047,792,555
1048,733,-1490
1049,727,601
1050,788,582
1051,776,532
1052,771,602
1053,1057,-928
1054,320,-3090
1055,261,-3078
1056,989,-1806
1057,651,-2373
1058,1202,-890
1059,2213,-1829
1060,2211,-1861
1061,970,-1623
1062,707,-1482
1066,679,322
1067,1761,-2378
1068,1188,-2387
1069,794,-2014
1070,848,-2033
1071,795,-1987
1072,818,-2027
1073,1426,-1494
1074,1419,-1517
1075,1455,-1491
1076,1462,-1510
1077,1438,-1461
1078,1459,-1470
1079,1451,-1534
1080,1435,-1548
1081,787,739
1082,809,725
1083,989,-1679
1084,-696,490
1085,-711,452
1086,-670,558
1087,-707,529
1088,1869,1222
1089,1860,1245
1090,714,507
1091,759,719
1092,703,257
1093,703,45
1094,641,786
1095,1432,2113
1096,832,-468
1097,789,-107
1098,818,-295
1099,825,368
1100,910,619
1101,1364,-855
1102,1404,-1052
1103,1446,-1310
1104,1748,2235
1105,985,-570
1106,963,-2129
1107,48,0
1108,2426,-1595
1109,1063,2437
1110,1136,-413
1111,228,214
1112,795,-151
1113,1263,-2064
1114,1232,-816
1115,1161,1128
1116,1984,2351
1117,764,27
1118,1300,-1557
1119,912,-715
1120,692,-193
1121,715,112
1123,554,-7
1124,697,535
1125,978,-738
1126,1335,1359
1127,433,-576
1128,396,-547
1129,764,-346
1130,734,-379
1131,1542,-528
1132,897,993
1133,824,420
1134,406,416
1136,2127,-1817
1137,2600,-1798
1138,597,315
1139,1042,-2200
1140,828,-241
1141,1004,-309
1142,1349,2391
1143,1269,2298
1144,639,266
1145,1363,1597
1146,1058,1182
1147,519,545
1148,1369,-1490
1149,721,682
1150,644,526
1151,1130,-1867
1152,679,-116
1153,997,1100
1154,1751,-1387
1155,368,-101
1156,682,204
1157,518,61
1158,1136,-1159
1159,1823,2202
1160,1918,2165
1161,821,-196
1162,839,-193
1163,1359,-538
1164,1958,2291
1165,1741,-1311
1166,1073,-728
1167,844,-2351
1168,887,-2086
1169,1269,-521
1170,4,298
1171,0,287
1172,1175,-2112
1173,2300,2524
1174,829,88
1175,820,67
1176,839,69
1177,723,-891
1178,524,-60
1179,398,-61
1180,704,700
1181,1020,-850
1182,1536,1414
1183,820,1294
1184,966,371
1185,238,527
1186,567,-53
1187,37,680
1188,166,565
1189,732,-450
1190,529,439
1191,313,384
1192,1626,1705
1193,1179,1409
1194,435,878
1195,349,757
1196,582,839
1197,779,782
1198,528,664
1199,944,-1807
1200,528,-55
1201,1053,1146
1202,1080,1914
1203,786,1440
1204,2049,-1463
1205,141,-289
1206,867,-1329
1207,1327,1555
1208,2398,-1573
1209,2478,-1579
1210,789,1380
1211,698,-2614
1212,710,-618
1213,540,713
1214,-109,-277
1215,876,-435
1216,920,-464
1217,433,-2941
1218,-1185,2158
1219,1322,-618
1220,1219,-600
1221,1237,-445
1222,559,-2881
1223,-253,-282
1224,515,156
1225,2666,-1661
1226,1876,1777
1227,525,720
1228,-219,-287
1229,1022,-1940
1230,247,195
1231,619,-259
1232,1097,-538
1233,550,-211
1234,33,394
1235,-90,418
1236,645,137
1237,2110,-1334
1238,1931,-1833
1239,380,1278
1240,374,-435
1241,450,985
1242,1038,1840
1243,658,-372
1244,482,-493
1245,639,-399
1246,459,-475
1247,1128,-2184
1248,1349,-507
1249,1098,-2068
1250,550,794
1251,512,801
1252,875,144
1253,244,419
1254,673,-588
1255,1977,-1315
1256,1914,1815
1257,731,1347
1258,135,-454
1259,-164,-511
1260,359,712
1261,323,829
1262,991,1375
1263,89,-202
1264,470,465
1265,785,983
1266,449,587
1267,1034,-1680
1268,1312,-316
1269,1296,-332
1270,1280,-294
1271,1096,-397
1272,1203,-360
1273,2120,2328
1274,925,-1481
1275,1388,-514
1276,855,-313
1277,817,-345
1278,2035,-1318
1279,1108,-667
1280,1013,-651
1281,882,-668
1282,989,-639
1283,872,1361
1284,295,758
1285,2296,2442
1286,2414,2509
1287,641,962
1288,2161,-1359
1289,970,-499
1290,895,-560
1291,932,-554
1292,863,-2165
1293,2279,-1561
1294,2122,-1315
1295,2003,-1341
1296,629,-1107
1297,837,-2208
1298,2639,2710
1299,2630,2721
1300,1103,-805
1301,681,-960
1302,565,1391
1303,191,1338
1304,-52,1424
1305,853,-451
1306,2113,-1416
1307,1900,-1313
1308,863,-2112
1309,816,-697
1310,431,-841
1311,968,-1737
1312,2044,2249
1313,173,819
1314,711,-970
1315,695,-1458
1316,1342,-474
1317,816,-2090
1318,671,-2297
1319,624,-2357
1320,1005,-407
1321,-293,402
1322,1778,1737
1323,487,728
1324,758,-1418
1325,545,692
1326,579,-361
1327,1173,-2309
1328,1753,-2399
1329,264,-87
1330,1322,-444
1331,2000,2110
1332,639,19
1333,735,61
1334,1976,2090
1335,2031,2351
1336,901,1394
1337,843,1401
1338,787,-513
1339,1870,-1316
1340,548,-383
1341,294,913
1342,780,864
1343,1480,-358
1344,1490,-430
1345,708,82
1346,1167,325
1347,2504,2612
1348,2017,-1870
1349,1492,-482
1350,1684,-523
1351,1714,1868
1352,1425,-530
1354,-379,380
1355,-314,375
1356,1264,1484
1357,-1074,1989
1358,2877,2867
1359,-51,-285
1360,3055,2923
1361,2186,-1475
1362,3065,2875
1363,1639,1806
1364,985,1738
1365,816,-1464
1366,-254,-427
1367,-242,-398
1368,1578,-528
1369,-473,449
1370,-202,375
1371,683,-534
1372,1378,-394
1373,1380,-431
1374,467,-265
1375,112,-493
1376,2559,-1629
1377,-466,-304
1378,-457,-330
1379,507,493
1380,808,1383
1381,-364,-295
1382,1304,-378
1383,407,-1151
1384,554,-1026
1385,2167,2176
1386,2380,2202
1387,1118,-512
1388,1114,-526
1389,1342,-571
1390,1143,-595
1391,703,-451
1392,2133,2144
1393,580,-475
1394,402,1139
1395,951,-2174
1396,1641,1447
1397,927,1615
1398,-177,-490
1399,53,-429
1400,194,-324
1401,311,234
1402,1986,1943
1403,287,140
1404,1160,345
1405,1172,304
1406,485,488
1407,158,-129
1408,2515,-1757
1409,-38,-133
1410,-26,-131
1411,-52,-269
1412,-46,-123
1413,135,-379
1414,867,-1501
1415,463,201
1416,1700,1483
1417,1630,1462
1418,-396,-263
1419,2191,2245
1420,-155,-383
1421,-145,-370
1422,-80,-452
1423,1832,1817
1424,593,1312
1425,383,94
1426,-496,390
1427,-497,371
1428,156,-160
1429,317,-159
1430,243,911
1431,334,982
1432,403,-107
1433,263,-555
1434,468,-410
1435,-444,-283
1436,-674,-304
1437,-579,-293
1438,360,873
1439,792,850
1440,974,-456
1441,1115,-443
1442,737,904
1443,1067,294
1444,1814,1949
1445,808,963
1446,870,910
1447,2034,2210
1449,1861,-1281
1450,2287,-1477
1451,545,492
1452,884,888
1453,952,1463
1454,1758,1455
1455,438,792
1456,1663,1434
1457,719,-535
1458,82,758
1459,1135,-792
1460,1113,-471
1461,1115,-484
1462,2394,-1665
1463,703,849
1464,1318,1531
1465,526,-225
1466,537,-228
1467,430,146
1468,118,641
1469,809,-570
1470,863,-552
1471,1202,-671
1472,1145,-823
1473,1459,1657
1474,2182,2350
1475,2136,-1462
1476,2032,-1383
1477,1237,1469
1478,597,-481
1479,893,-1656
1480,858,-1966
1481,894,-1579
1482,860,-1643
1483,927,178
1484,652,1367
1485,121,-335
1486,1527,-552
1487,215,-222
1488,318,946
1489,144,915
1490,411,871
1491,786,114
1492,1911,-1345
1493,-85,447
1494,-179,452
1495,86,422
1496,531,970
1497,889,-1977
1498,-1114,1955
1499,664,-701
1501,73,-156
1502,178,981
1503,2342,-1574
1504,593,-1175
1505,574,-1161
1506,615,-1182
1507,814,-2288
1508,373,-902
1509,93,860
1510,1869,1745
1511,988,-321
1512,2085,2129
1513,710,62
1515,582,-50
1516,467,-53
1517,894,-1382
1518,400,-304
1519,-62,-589
1520,-181,-643
1521,-163,-667
1522,-24,1461
1523,736,625
1524,-46,1448
1525,713,160
1526,695,159
1527,1873,2274
1528,1203,-624
1529,1191,-613
1530,952,-714
1531,1701,1233
1532,899,491
1533,885,495
1534,504,-544
1535,2018,2379
1536,902,-2246
1537,915,-2259
1538,880,-123
1539,71,-177
1540,76,-134
1541,1258,-512
1542,199,1000
1543,198,980
1544,1393,1164
1545,1706,1207
1546,1251,1182
1547,668,1050
1548,686,-221
1549,332,-22
1550,322,-48
1551,753,586
1552,765,561
1553,1168,-486
1554,2279,1953
1555,1451,-458
1556,507,-416
1557,844,1491
1558,76,981
1559,1771,1914
1560,473,-20
1561,686,-2685
1562,1390,1647
1563,1432,1715
1564,1563,-1055
1565,1522,-1083
1567,1050,1444
1568,3,-187
1569,1157,-402
1570,691,-287
1571,592,-338
1572,2213,2386
1573,2193,2397
1574,-422,428
1575,1044,-449
1576,861,-757
1577,1032,-710
1578,2502,2560
1579,2310,2653
1580,2801,2749
1581,27,1398
1582,2380,1969
1583,822,-2180
1584,2131,2306
1585,107,881
1586,735,-2200
1587,1681,-2347
1588,1210,-2379
1589,2052,2095
1590,1022,203
1591,2140,2475
1592,926,1474
1593,2977,2908
1594,2721,2689
1595,2865,2748
1596,2982,2814
1597,-1096,1993
1598,2909,2742
1599,-1094,1961
1600,-1106,2014
1601,2833,2717
1602,1770,1218
1603,1610,1197
1604,1498,-532
1605,-302,-272
1606,316,-3024
1607,2576,2235
1608,2705,2282
1609,2707,2249
1610,1095,-676
1611,2223,2165
1612,2233,2144
1613,2144,1943
1614,2581,-1815
1615,2611,-1775
1616,2815,2889
1617,2829,2850
1618,2796,2885
1619,2832,2870
1620,836,-1563
1621,875,1476
1622,2287,2279
1623,1924,1854
1624,-566,379
1625,329,-115
1626,355,-490
1627,-334,403
1628,2220,2459
1629,1875,1982
1630,907,1571
1631,2122,2243
1632,2114,2269
1633,1955,-1261
1634,639,56
1635,628,70
1636,1,805
1637,1904,2304
1638,1531,1700
1639,1516,1724
1640,553,-564
1642,1409,2464
1645,861,-1721
1646,836,-1402
1647,-170,484
1648,2236,2578
1649,537,1061
1650,911,-2041
1651,-1124,2030
1652,16,475
1653,3,451
1654,-611,449
1655,-601,473
1656,-607,496
1657,-585,514
1658,2806,2717
2000,66,-4685
2001,32,-4157
2002,51,-4179
2003,992,-3064
2004,997,-3037
2005,172,-4271
2006,159,-4273
2007,169,-4378
2008,148,-4380
2009,263,-4291
2010,-25,-3913
2011,-3,-3934
2012,1039,-2934
2013,1038,-2962
2014,922,-3110
2015,857,-3331
2016,845,-3349
2017,108,-3479
2018,786,-1878
2019,776,-1869
2020,762,-1940
2021,771,-1954
2022,769,-1980
2023,784,-1957
2024,779,-1936
2025,792,-1927
2026,792,-1904
2027,743,-1962
2028,749,-1979
2029,780,-1912
2030,769,-1904
2031,758,-1965
2032,1337,-4214
2033,1313,-4240
2034,1337,-4187
2035,1317,-4224
2036,1284,-4291
2037,1274,-4304
2038,1263,-4302
2039,305,-3604
2040,440,-4194
2041,460,-4211
2042,690,-4332
2043,682,-4281
2044,676,-4257
2045,671,-4290
2046,679,-4315
2047,691,-4306
2048,549,-4447
2054,-309,-3712
2055,-314,-3692
2056,-297,-3716
2057,-256,-3780
2058,-267,-3784
2059,-275,-3768
2060,1089,-3056
2061,1082,-3101
2062,1088,-3080
2063,-101,-3147
2064,-91,-3176
2065,1372,-4478
2066,1381,-4708
2067,1245,-3952
2068,1328,-4651
2069,1355,-4754
2070,1345,-4754
2071,1335,-4760
2072,35,-4579
2073,577,-4314
2074,-14,-3759
2075,-33,-3732
2076,79,-4685
2077,-409,-3284
2078,-482,-3533
2079,-465,-3534
2080,-476,-3517
2081,-490,-3510
2082,220,-3218
2083,864,-3957
2084,988,-3796
2085,1029,-3844
2086,861,-4054
2088,1180,-1793
2089,1182,-1830
2090,154,-3805
2091,928,-3032
2092,1230,-3851
2093,966,-3987
2094,965,-4006
2095,959,-4023
2096,144,-4164
2097,453,-4193
2098,90,-3647
2099,198,-3943
2100,177,-4137
2101,40,-3765
2102,855,-1853
2103,871,-4184
2104,449,-4098
2105,264,-3628
2106,146,-3531
2107,955,-3011
2108,380,-3402
2109,224,-3741
2110,520,-4163
2111,540,-4107
2112,474,-4080
2113,805,-3646
2114,860,-3472
2117,889,-4202
2118,984,-3929
2119,889,-3055
2120,735,-2765
2121,924,-3962
2122,829,-3277
2123,604,-4088
2124,613,-4199
2125,504,-3172
2126,703,-2878
2127,786,-2975
2128,340,-3787
2129,165,-3371
2130,1069,-3967
2131,1080,-3573
2132,1077,-3585
2133,1070,-3589
2134,1073,-3577
2135,1135,-3737
2136,900,-4034
2137,1208,-3895
2138,895,-3935
2139,1136,-1803
2140,1017,-4276
2141,1026,-4274
2142,1293,-4151
2143,1253,-4202
2144,1224,-4033
2145,326,-3443
2146,464,-3836
2147,693,-3618
2148,848,-2989
2149,650,-4326
2150,592,-4392
2151,-210,-3519
2152,-228,-3487
2153,1042,-3045
2154,228,-3585
2155,1277,-4131
2156,1264,-4249
2157,1266,-4048
2158,988,-3853
2159,570,-4199
2160,325,-3872
2161,348,-3879
2162,237,-3162
2163,870,-3833
2164,937,-3740
2165,912,-3620
2166,872,-3658
2167,877,-4079
2168,854,-3647
2169,629,-2952
2170,805,-3201
2171,782,-3231
2172,1017,-3863
2173,1054,-4224
2174,1008,-4145
2175,-166,-3350
2176,204,-3789
2177,193,-3623
2178,900,-3575
2179,280,-3311
2180,778,-3471
2181,803,-3560
2182,840,-3404
2183,893,-3005
2184,666,-3924
2185,1022,-4088
2186,933,-3922
2187,1189,-3799
2188,1076,-4331
2189,399,-3860
2190,736,-2406
2191,740,-1889
2192,747,-2705
2193,742,-2706
2194,752,-3010
2195,713,-2244
2196,-491,-2732
2197,888,-4181
2198,960,-3638
2199,1007,-3430
2200,-277,-2958
2201,574,-3521
2202,721,-4255
2203,149,-3261
2204,-68,-3103
2205,-357,-3142
2206,880,-3494
2207,729,-3348
2208,453,-3333
2209,-82,-3150
2210,430,-4263
2211,411,-4354
2212,442,-4219
2213,97,-3966
2214,241,-3841
2215,167,-3906
2216,91,-3833
2217,427,-4382
2218,407,-4312
2219,120,-4188
2220,393,-3482
2221,411,-4225
2222,479,-4185
2224,1013,-4025
2225,341,-4144
2226,279,-4035
2227,2,-3847
2228,16,-3858
2229,994,-2933
2230,308,-4195
2231,941,-4072
2232,929,-4072
2233,609,-4180
2234,766,-2913
2235,821,-2923
2236,324,-3947
2237,336,-3883
2238,314,-4087
2239,105,-3527
2240,94,-3685
2241,1104,-4052
2242,1398,-4306
2243,333,-3526
2244,1502,-4440
2245,1479,-4485
2246,1510,-4562
2247,1534,-4493
2248,482,-3920
2249,472,-3932
2250,460,-3926
2251,923,-2947
2252,416,-4320
2253,1455,-4372
2254,1442,-4399
2255,1320,-4352
2256,907,-2953
2257,869,-2937
2258,1352,-4356
2259,1345,-4598
2260,1368,-4310
2261,1323,-4217
2262,1307,-4462
2263,1326,-4560
2264,1031,-3962
2265,77,-4396
2266,42,-3609
2267,-2,-3673
2268,10,-3687
2269,94,-4418
2270,-457,-3444
2271,238,-3228
2272,900,-4187
2273,849,-3735
2274,860,-3741
2275,637,-3026
2276,853,-3239
2277,1059,-3919
2278,1051,-3940
2279,1031,-4245
2280,149,-4060
2281,170,-3726
2282,101,-4289
2283,132,-4155
2284,935,-3619
2285,927,-3645
2286,275,-3385
2287,927,-3297
2288,896,-3281
2289,809,-3443
2290,810,-3479
2291,669,-4017
2292,682,-4013
2293,779,-2299
2294,426,-4322
2295,400,-3956
2296,71,-4088
2297,59,-4071
2298,380,-3478
2299,401,-3462
2300,490,-4179
2302,268,-4179
2303,-404,-2893
2304,-388,-2854
2305,-386,-2845
2306,339,-3574
2307,1400,-4609
2308,1411,-4780
2309,1443,-4803
2310,1429,-4466
2311,1421,-4724
2312,1064,-4051
2313,52,-4501
2314,-424,-3362
2315,227,-3247
2316,877,-4197
2320,869,-3729
2321,880,-3719
2322,961,-3351
2323,954,-3371
2324,970,-3337
2325,967,-3314
2326,672,-4086
2327,672,-4193
2328,689,-4097
2329,683,-4184
2330,698,-4213
2331,708,-4203
2332,765,-2329
2333,800,-2378
2334,791,-2400
2335,950,-4005
2336,936,-4019
2337,513,-3245
2338,1031,-4353
2339,334,-3643
2340,356,-3649
2341,343,-3661
2342,-281,-3625
2343,-249,-3683
2344,1404,-4399
2345,81,-4580
2346,-392,-3198
2347,-389,-3223
2348,-437,-3349
2349,-382,-3237
2350,216,-3308
2351,110,-4266
2352,947,-4029
2353,132,-3428
2354,313,-3535
2355,-1806,-942
3000,-172,5490
3001,-918,5722
3002,-1218,5893
3003,-1473,6366
3004,-1417,6783
3005,-1475,6850
3006,-1458,6865
3007,-1409,2892
3008,-1477,4995
3009,-1313,4068
3010,-1345,4055
3011,-1396,4072
3012,-1453,4074
3013,-1406,4123
3014,-891,2956
3015,-881,2975
3016,-931,2995
3017,-742,4092
3018,-758,4083
3019,-763,4172
3020,-776,4267
3021,-1296,4156
3022,-1385,4213
3023,-1314,5960
3024,120,3768
3025,162,3854
3026,180,3842
3027,-1221,4135
3028,-1233,4114
3029,-1272,4174
3030,-1620,4942
3031,-1608,4954
3032,-1667,5002
3033,-1500,5135
3034,-1239,4414
3035,-1309,4480
3036,-1758,4945
3037,-1636,4884
3038,-1716,4891
3039,43,4965
3040,62,5064
3041,102,5025
3042,76,5045
3043,94,5061
3044,-973,5330
3045,-992,5329
3046,-988,5391
3048,-553,3019
3049,-551,3089
3050,123,5110
3051,159,5054
3052,189,5198
3053,233,5132
3054,120,5207
3055,181,5298
3056,-996,2948
3057,-1079,2961
3058,-1308,3419
3059,-1401,3455
3060,11,5168
3061,-194,5389
3062,-151,5482
3063,-1170,5825
3064,-1253,5859
3065,-892,5648
3066,-890,5735
3067,-937,6566
3068,-1018,6497
3069,-725,6053
3070,-696,6159
3071,-1507,6335
3072,-1150,4053
3073,-1156,4036
3074,-951,2806
3075,-1029,2801
3076,-947,6840
3077,-1074,6928
3078,-1084,6940
3080,-1426,7042
3081,-1452,7139
3082,-1973,6964
3083,-1467,7293
3085,-1460,7399
3086,-1675,7225
3087,-1726,7292
3088,-1732,7269
3089,-1650,7315
3090,-1797,7360
3091,-1678,7426
3092,-1814,7386
3093,-1689,7458
3094,-1895,6824
3095,-1976,6884
3096,-1013,6597
3097,-969,6726
3098,-984,6733
3099,-923,2943
3100,-1000,2976
3101,-1438,4311
3102,-1446,4295
3103,-1510,4330
3106,-1021,5352
3107,-1049,5444
3108,-693,5928
3109,-665,6032
3110,-686,6022
3111,-938,5832
3112,-955,5932
3113,-929,5934
3114,-1373,6081
3115,-1450,6140
3116,-1254,4050
3117,-470,5484
3118,-434,5577
3119,-597,5531
3120,-535,5511
3121,-514,5595
3122,-1335,5018
3123,-1272,2398
3124,-1374,2374
3125,-1373,2400
3126,1102,4287
3127,1094,4307
3128,-1275,6726
3129,-1207,3092
3130,-1306,3114
3131,-1005,3251
3132,-1095,3285
3133,-1085,3311
3134,-1006,2471
3135,-1059,2437
3136,-1068,2461
3137,493,4108
3138,528,4209
3139,552,4200
3140,-1156,6759
3141,-1145,6756
3142,-1072,6873
3143,-1621,7237
3144,-1603,7237
3145,-1616,7306
3146,-836,6852
3147,-828,6943
3148,-1323,6690
3149,-419,5506
3150,10,5394
3151,-54,5307
3152,-1185,5417
3153,-1020,5304
3154,631,4150
3155,618,4166
3156,571,4159
3157,-1392,4828
3158,307,3563
3159,-655,6010
3160,-782,5815
3161,-946,5782
3162,-960,5877
3163,-544,2719
3164,-1247,5882
3165,-1049,5738
3166,-1107,5801
3167,-673,5521
3168,-650,5604
3169,-1204,5918
3170,-845,2971
3171,-866,2904
3172,-1334,6180
3173,-1258,4095
3174,-1425,4091
3175,-1050,5334
3176,-1094,5419
3177,-1249,2385
3178,-1332,2344
3179,-1336,2364
3180,-1556,7407
3181,-1538,7407
3182,-1544,7284
3183,-1551,7483
3184,-1482,4608
3185,-1484,4591
3186,-1553,4615
3187,-1347,4373
3188,-1432,4432
3189,-1369,7106
3190,-791,6837
3191,-1368,7212
3192,-976,3255
3193,-1046,3295
3194,-1502,6107
3195,-1417,6057
3196,-1067,5850
3197,-1105,5940
3198,-944,6649
3199,-961,6663
3200,-909,6699
3201,-759,5917
3202,-751,6043
3203,-995,3510
3204,-989,3482
3205,-1012,3485
3206,-1033,3534
3207,-952,6702
3208,-1016,6716
3209,-881,6734
3210,-944,7324
3211,-1228,6939
3212,-1446,2805
3213,-1492,2904
3214,-1137,2866
3215,-1170,6962
3216,-1528,4867
3217,116,5044
3218,125,5009
3219,-1798,4924
3220,-1791,4951
3221,-1863,4969
3222,-945,3336
3223,-1320,7005
3224,-1321,7107
3225,-2013,6902
3226,-1030,3422
3227,-1101,3486
3228,-1112,3466
3229,-635,3096
3230,-639,3166
3231,-1064,3231
3232,-117,5514
3233,-1195,4623
3234,-878,2832
3235,-890,2844
3236,-917,2805
3237,-472,4285
3238,-487,4295
3239,-446,4346
3240,-1445,7178
3241,-826,5825
3242,-803,5828
3243,-629,6039
3244,-614,6028
3245,-1281,6365
3246,-1231,6287
3247,-1408,6145
3248,-1173,6240
3249,-1688,4941
3250,-1810,5025
3251,-1899,5093
3252,-1455,2867
3253,-1400,2824
3254,-1486,2933
3255,-1308,2821
3256,-1347,2890
3257,-1591,2968
3258,-631,5997
3259,-1099,6377
3260,-1100,6461
3261,405,3966
3262,-1234,5910
3263,-1368,4590
3264,-1446,4647
3265,510,4073
3266,544,4081
3267,-972,7187
3270,-1045,6993
3271,-580,2683
3272,-134,5468
3273,-22,5394
3274,-68,5301
3275,-1166,5437
3276,-942,6940
3277,-1035,5731
3278,485,4116
3279,569,4242
3280,631,4333
3281,-124,3718
3282,1072,4315
3283,-997,6898
3284,-1358,5009
3285,-1065,5797
3287,1311,4487
3288,1330,4476
3289,1503,4551
3290,575,4126
3291,-1328,6836
3292,-1362,6928
3293,-1113,6493
3294,-1125,6585
3295,562,3886
3296,-1377,4903
3298,-66,5611
3299,-1209,2547
3300,1342,4456
3301,-737,6134
3302,66,3102
3303,147,3136
3304,138,3156
3305,-1008,7062
3306,-1608,2122
3307,-1599,2101
3308,-1705,2130
3309,-1686,2079
3310,-1011,7028
3311,-668,4073
3312,-877,4131
3313,-919,4230
3314,-852,4136
3315,-890,4237
3316,-928,4294
3317,-642,4085
3318,-626,4078
3319,-611,4070
3320,-614,4125
3321,-402,2756
3322,-411,2737
3323,-357,2729
3324,-1281,2170
3325,-1305,2188
3326,-1331,2135
3327,-1344,2103
3328,-1388,2149
3329,-1687,7268
3330,-1724,7372
3331,-1691,7364
3332,-2094,6974
3333,-26,3018
3334,-1391,3478
3335,52,3029
3336,44,3051
3337,-422,2919
3338,-434,2896
3339,-390,2893
3340,-843,2502
3341,-884,2464
3342,-1138,3004
3343,-1230,3017
3344,-283,3067
3345,-265,3057
3346,-294,3088
3347,-249,3097
3348,-564,4050
3349,-579,4063
3350,-520,4149
3351,-533,4111
3352,-436,2543
3353,-386,2501
3354,-564,4081
3355,-253,3222
3356,-226,3209
3357,-274,3142
3358,-1532,3501
3359,-1519,3506
3360,-1593,3546
3361,-1600,3528
3362,-17,3141
3363,40,3209
3364,54,3191
3365,-1266,2451
3366,-1382,2533
3367,-1314,2549
3368,-530,4320
3369,-512,4317
3370,-508,4387
3371,-1496,3449
3372,-1609,3477
3373,-1606,3457
3374,-155,3093
3375,-857,7043
3376,-964,7085
3378,-422,2700
3379,-438,2691
3380,-389,2652
3381,-410,2650
3382,-541,4204
3383,-545,4293
3384,-1580,3487
3385,-496,2609
3386,-1347,2481
3387,-1456,2485
3388,-1451,2507
3389,-1451,2464
3390,-1030,3163
3391,-1031,3182
3392,-1090,3172
3393,-657,4115
3394,-661,4211
3395,-969,3656
3396,-1030,3726
3397,-1728,2079
3398,-1821,2053
3399,-1830,2075
3400,-1828,2098
3401,-896,6940
3402,-65,3166
3403,-17,3237
3404,-1277,2249
3405,-1302,2259
3406,-1429,3441
3407,-1530,6296
3408,-1190,3461
3409,-1280,3508
3410,-1267,3530
3411,-327,2944
3412,-328,2956
3413,-187,2958
3414,-125,2966
3415,-127,2990
3416,-1437,5048
3417,-1011,4895
3418,-911,4889
3419,-1444,4973
3420,-1407,5020
3421,-1050,4874
3422,-963,4900
3423,-243,3682
3424,-211,3633
3425,-271,3717
3426,-344,3718
3427,-55,3789
3428,-612,3661
3429,-559,3661
3430,-147,4530
3431,-250,4608
3432,-1221,5429
3433,-1287,5502
3434,619,3536
3435,599,3571
3436,608,3514
3437,600,3549
3438,371,3639
3439,377,3571
3440,338,3632
3441,-1443,2173
3442,-175,4565
3443,-209,4591
3444,-307,3700
3445,-777,2968
3446,-503,2553
3447,-653,5533
3448,-1867,7466
3449,-1719,7565
3450,-1548,5071
3452,-879,6634
3453,-1945,6842
3454,-1918,6944
3455,-1933,6862
3456,-1938,6945
3457,-2042,7026
3459,-912,6796
3460,-1010,6813
3461,-738,6931
3462,-1234,7046
3463,-928,7430
3464,-1601,2924
3465,-1552,2808
3466,-1562,2879
3467,-1130,3182
3468,-1230,3206
3470,-891,3562
3471,-478,2930
3472,-489,2977
3473,-1224,2299
3474,-1309,2283
3475,-1177,4045
3476,-1090,4415
3477,-1022,4658
3478,-1071,4053
3479,-1013,3992
3480,-964,4079
3481,-937,4069
3482,-982,5236
3483,-822,5732
3484,-852,5607
3485,-837,5608
3486,-1211,6608
3487,-1243,6489
3488,-1229,6494
3489,-1252,6502
3490,-422,3036
3491,-817,2920
3492,-453,5410
3493,-398,5494
3494,-496,5364
3495,-511,5376
3496,-944,3422
3497,-101,3634
3498,-96,3624
3499,-161,3754
3500,-139,3745
3501,-177,3659
3502,-1216,4604
3503,-334,3024
3504,-479,2780
3505,-444,2787
3506,-1055,3399
3507,-127,4672
3508,-90,3729
3509,-102,3745
3510,-1122,5348
3511,-1227,2485
3512,-1211,2455
3513,-1247,2540
3514,-1250,2523
3515,-1282,2513
3516,-1736,6747
3517,-1629,6712
3518,-1155,6151
3519,-885,3246
3520,-936,3314
3521,-987,3344
3522,-952,3299
3523,-1603,7130
3524,-1645,7211
3525,348,3653
3526,389,3622
3527,390,3598
3529,-1282,6854
3530,-1231,4614
3531,-1232,4628
3532,-1165,4217
3533,-1243,4794
3534,-938,3182
3535,484,3585
3536,1025,4232
3537,526,3963
3538,523,3947
3539,1329,4401
3540,1432,4487
3541,741,3944
3542,-1363,4082
3543,-685,3675
3544,-704,3756
3545,-600,3049
3546,-981,2560
3547,-906,4002
3548,-966,4050
3549,-915,4345
3550,-918,4796
3551,-1005,4787
3552,-951,4803
3553,-980,4800
3554,-869,4570
3555,-862,4581
3556,-853,3865
3557,-833,5026
3558,-869,5466
3559,-874,5531
3560,-587,3475
3561,-1250,6362
3562,-1301,6441
3563,-92,2939
3564,-94,2929
3565,-560,5289
3566,-777,3391
3567,-813,3546
3568,-335,3514
3569,-704,5136
3570,-465,3045
3571,-466,3029
3572,-602,2881
3573,-314,4388
3574,-295,3625
3575,-277,3602
3576,-258,3572
3577,-344,3627
3578,-568,3579
3579,-602,3579
3580,-212,4458
3581,-277,4511
3582,-935,2649
3583,-943,2658
3584,-1503,6658
3585,-522,4877
3586,-576,4901
3587,-557,4889
3588,-536,4897
3589,-744,2835
3590,-778,2799
3591,-1070,5934
3592,-1089,6032
3593,-613,3347
3594,-608,3413
3595,-702,3207
3596,-1553,6892
3597,-1564,6890
3598,-714,4483
3599,-251,4499
3600,-229,4482
3601,-747,2974
3602,487,3826
3603,-319,3614
3604,-1080,4673
3605,-757,3287
3606,-992,4175
3607,380,3765
3608,-941,4683
3609,516,3511
3610,-747,3112
3611,-954,4846
3612,421,3575
3613,419,3556
3614,895,4111
3615,621,3932
3616,568,3851
3617,1122,4261
3618,1258,4394
3619,1233,4347
3620,1243,4334
3621,682,3898
3622,674,3913
3623,-816,3268
3624,-25,3843
3625,-1315,2864
3626,-1435,6262
3627,-1164,4534
3628,-1863,6796
3629,-1873,6871
3630,-1652,7260
3631,-1688,7213
3632,-1745,7344
3633,-1147,2506
3634,-1330,4261
3635,-687,2591
3636,-638,3997
3637,-1352,4936
3638,-1678,4881
3639,-1674,4902
3640,-570,4803
3641,-1223,2467
3642,-990,6975
3643,-1160,6857
3644,-1158,3275
3645,-1163,3254
3646,-1306,4926
3647,-837,3342
3648,503,3236
3649,362,3603
3650,647,2809
3651,721,2854
3652,228,2866
3653,335,2902
3654,341,2868
3655,411,2945
3656,422,2892
3657,-1413,6282
3658,-1449,6236
3659,-586,6101
4000,-2910,-1044
4001,-2078,-2282
4002,-2616,-1803
4003,-4058,-1874
4004,-3878,-1892
4005,-3913,-1793
4006,-4015,-1769
4007,-2601,-564
4008,-2595,-596
4009,-2568,-542
4010,-3048,-1968
4011,-3080,-1869
4012,-3043,-1993
4013,-3078,-1895
4014,-3051,-1943
4015,-3061,-1963
4016,-3064,-1874
4017,-3070,-1848
4018,-2820,-2020
4019,-2914,-2084
4020,-2827,-1995
4022,-3032,-1224
4023,-3049,-1272
4024,-3059,-1328
4025,-2959,-1413
4026,-2919,-1065
4027,-2243,-2743
4028,-2241,-2722
4029,-2227,-2760
4030,-2224,-2738
4031,-2169,-2688
4032,-2369,-1377
4033,-2699,-2747
4034,-2703,-2725
4035,-2721,-2716
4036,-2719,-2698
4037,-2715,-2741
4038,-2644,-2675
4039,-2452,-1688
4040,-2466,-1680
4041,-2457,-1657
4042,-2470,-1647
4043,-2428,-1596
4044,-2437,-1620
4045,-2451,-1601
4046,-2458,-1623
4047,-2544,-1578
4048,-2481,-1600
4049,-2992,-1827
4050,-2747,-1032
4051,-3008,-349
4052,-1991,-2671
4053,-1976,-2688
4054,-1964,-2673
4055,-2174,-3392
4056,-2145,-3409
4057,-2100,-3196
4058,-2044,-2666
4059,-2022,-2689
4061,-2035,-2683
4062,-1815,-2614
4064,-1778,-2620
4065,-1769,-2584
4066,-2002,-3402
4067,-1983,-3394
4071,-1851,-1994
4072,-993,-2257
4073,-1003,-2330
4074,-921,-2853
4075,-932,-2764
4076,-943,-2787
4077,-926,-2803
4078,-932,-2934
4079,-952,-2920
4080,-969,-3162
4081,-993,-3168
4082,-947,-3276
4083,-908,-3252
4084,-2532,-1823
4085,-2465,-1810
4089,-3041,-1585
4091,-2032,-2586
4094,-2143,-2100
4095,-2132,-2073
4096,-929,-3281
4097,-3742,-1731
4100,-729,-2542
4101,-707,-2550
4102,-924,-3176
4103,-967,-3102
4104,-2402,-1656
4106,-2633,-1576
4107,-2794,-1647
4109,-2836,-1815
4110,-2493,-1830
4111,-3039,-1644
4112,-2004,-2596
4113,-2983,-1700
4114,-2627,-1902
4115,-2628,-1613
4116,-2530,-1665
4117,-2144,-1797
4118,-2801,-1437
4119,-2883,-1340
4120,-2895,-1365
4121,-2902,-1392
4122,-2889,-1425
4123,-2190,-2878
4124,-2084,-2113
4125,-2074,-2389
4126,-2594,-940
4127,-2654,-894
4128,-1960,-2598
4129,-1800,-2553
4131,-1843,-2005
4132,-2547,-2226
4133,-2072,-2841
4134,-2110,-2814
4135,-1965,-2388
4136,-2015,-2389
4137,-1782,-2384
4138,-955,-2336
4139,-952,-2323
4140,-1211,-2202
4141,-1213,-2214
4142,-1751,-2289
4143,-2306,-1996
4144,-2706,-1816
4145,-1727,-2102
4146,-1674,-2274
4147,-1685,-2651
4148,-1876,-2795
4149,-1481,-2118
4150,-2282,-1835
4151,-708,-2487
4152,-912,-3273
4153,-1009,-3162
4154,-2383,-1796
4156,-3361,-1633
4157,-3501,-1584
4158,-3496,-1689
4159,-3588,-1694
4160,-3689,-1737
4161,-3768,-1798
4162,-3933,-1814
4163,-2970,-1574
4164,-2427,-827
4165,-3288,-1647
4166,-3848,-1764
4167,-3222,-1469
4168,-3294,-1435
4169,-3172,-1760
4170,-3108,-1515
4171,-2650,-1357
4172,-2715,-1346
4173,-2718,-1303
4174,-2561,-1437
4175,-2459,-1214
4176,-2223,-1226
4177,-2135,-1327
4178,-2148,-1243
4179,-2161,-1186
4180,-2124,-1196
4181,-3324,-1820
4182,-3298,-1459
4183,-2652,-1307
4184,-2137,-1434
4185,-2132,-986
4186,-2151,-876
4187,-2161,-871
4188,-2750,-1191
4189,-2270,-1492
4190,-2378,-1162
4191,-2328,-1040
4192,-2129,-1569
4193,-2249,-1373
4194,-2042,-1799
4195,-2613,-1157
4196,-2527,-1019
4197,-2609,-831
4198,-2700,-678
4199,-2785,-560
4200,-2525,-1301
4201,-1634,-2146
4202,-1611,-2026
4203,-3043,-1564
4204,-1944,-1667
4205,-1965,-1603
4206,-1840,-1583
4207,-1727,-1560
4208,-1617,-1577
4209,-1518,-1647
4210,-1444,-1776
4211,-1506,-1837
4212,-1560,-1923
4213,-1378,-1956
4214,-2265,-1656
4215,-1229,-2017
4216,-864,-2495
4217,-1094,-2136
4218,-897,-2567
4219,-907,-2658
4220,-898,-2745
4221,-921,-2976
4222,-3409,-1610
4223,-3363,-1658
4224,-973,-2291
4225,-1983,-3864
4226,-2009,-3012
4227,-2622,-1418
4228,-2150,-1130
4229,-2143,-896
4230,-2163,-830
4231,-2402,-3075
4232,-2474,-3181
4233,-2260,-2230
4234,-2370,-2224
4235,-2456,-2217
4236,-2396,-2385
4237,-2498,-2566
4238,-2202,-2504
4239,-2264,-2681
4240,-2397,-2645
4241,-2313,-2476
4242,-2580,-975
4243,-1970,-3309
4244,-1925,-3666
4245,-1913,-3805
4246,-1996,-3550
4247,-1904,-3393
4248,-2385,-2413
4249,-2040,-3485
4250,-2113,-3607
4251,-2185,-3693
4252,-1965,-3341
4253,-1941,-3307
4254,-2249,-3731
4255,-2167,-3336
4256,-2189,-3571
4257,-2063,-3911
4258,-2137,-3869
4259,-2014,-3974
4260,-2127,-4027
4261,-1550,-3288
4262,-2125,-3304
4263,-2106,-3315
4264,-2170,-3729
4265,-2167,-3907
4266,-2234,-3018
4267,-2182,-3328
4268,-2189,-3543
4269,-2258,-3438
4270,-2297,-3132
4271,-2313,-3113
4272,-2315,-3045
4273,-2347,-3142
4274,-2439,-3222
4275,-2291,-2954
4276,-2075,-2558
4277,-1862,-2484
4278,-1936,-2305
4279,-2083,-2441
4280,-2056,-2473
4281,-1983,-2494
4282,-2158,-2580
4283,-2118,-2637
4284,-2126,-2619
4285,-1784,-2602
4286,-1730,-2741
4287,-1760,-2851
4288,-2148,-2427
4289,-2187,-2766
4292,-2134,-3081
4294,-2025,-2359
4295,-1997,-2284
4296,-1884,-2362
4297,-1872,-2457
4298,-1489,-3282
4299,-1956,-2421
4300,-1720,-2576
4301,-1695,-2902
4302,-1637,-3056
4303,-1601,-3239
4304,-1545,-3187
4305,-1601,-3380
4306,-1608,-3338
4307,-1893,-2668
4308,-1754,-2398
4309,-1668,-2916
4310,-1470,-3152
4311,-1657,-2805
4312,-1586,-2960
4313,-1550,-3113
4314,-1522,-3231
4315,-1499,-3184
4316,-1517,-3050
4317,-1644,-2907
4318,-1715,-2814
4319,-1827,-2251
4320,-1945,-2363
4321,-1880,-2134
4322,-1850,-2218
4323,-1926,-2226
4324,-1830,-2105
4325,-1886,-1930
4326,-2067,-3191
4327,-1963,-3192
4328,-2055,-3117
4329,-1670,-2053
4331,-1966,-3420
4332,-2030,-3754
4333,-1582,-2836
4334,-1759,-2530
4335,-1901,-3129
4336,-1859,-1516
4337,-2440,-2336
4338,-1897,-2008
4339,-1757,-2733
4340,-1008,-2283
4341,-2046,-4001
4342,-1640,-2952
4343,-2613,-2221
4344,-2551,-2153
4345,-3575,-1572
4346,-3660,-1696
4347,-3833,-1851
4348,-4001,-1850
4349,-3038,-1544
4350,-2540,-632
4351,-2604,-615
4352,-2563,-563
4353,-2587,-549
4354,-2610,-587
4355,-2582,-576
4356,-3940,-1763
4357,-2980,-1919
4358,-2996,-1862
4359,-3064,-1901
4360,-3033,-1976
4361,-3182,-1502
4362,-2846,-2038
4363,-2757,-1977
4364,-2734,-1292
4365,-2798,-1260
4366,-2772,-1272
4367,-2963,-1268
4368,-2979,-1308
4369,-2988,-1353
4370,-2848,-1100
4371,-2321,-1420
4372,-2924,-1824
4373,-2685,-1080
4374,-2669,-784
4375,-2759,-629
4376,-2945,-395
4377,-2307,-3803
4378,-2292,-3831
4379,-2084,-4020
4380,-2074,-2338
4381,-1913,-2399
4382,-2428,-2099
4383,-2578,-1258
4384,-2774,-1830
4385,-1450,-1717
4386,-1471,-1726
4387,-1394,-1914
4388,-1410,-1956
4389,-1243,-1976
4390,-1258,-2001
4391,-1119,-2113
4392,-926,-2601
4393,-942,-2695
4394,-882,-2787
4395,-988,-3191
4396,-957,-3256
4397,-935,-3257
4398,-3482,-1608
4399,-2620,-2183
4400,-3762,-1734
4401,-3745,-1757
4402,-3245,-1797
4403,-3248,-1756
4404,-3241,-1776
4405,-3395,-1862
4406,-3384,-1875
4407,-3407,-1849
4408,-3396,-1813
4409,-2543,-3249
4410,-2080,-2629
4411,-2096,-2617
4412,-2075,-2656
4413,-2093,-2592
4414,-2087,-2646
4415,-2064,-2666
4416,-2434,-2245
4417,-2522,-2247
4418,-2466,-2423
4419,-2569,-2611
4420,-2382,-2515
4421,-2336,-2734
4422,-2467,-2697
4423,-2868,-465
4424,-1938,-3768
4425,-1919,-3912
4426,-2020,-3653
4427,-1900,-3493
4428,-2072,-3582
4429,-1987,-3446
4430,-1942,-3404
4431,-1978,-3523
4432,-2306,-3822
4433,-2221,-3419
4434,-2098,-4013
4435,-2180,-3969
4436,-2029,-4085
4437,-2164,-4133
4438,-2191,-3149
4439,-2177,-3163
4440,-2215,-3825
4441,-2214,-4008
4442,-2244,-3630
4443,-2318,-3521
4444,-2351,-3218
4445,-2376,-3188
4446,-2382,-3109
4447,-2408,-3221
4448,-2503,-3300
4449,-2474,-3131
4450,-2358,-3007
4451,-2149,-2453
4452,-2117,-2487
4453,-2227,-2610
4454,-2158,-2672
4455,-1789,-2936
4456,-2245,-2834
4457,-2087,-2335
4458,-2045,-2244
4459,-1894,-2326
4460,-1886,-2512
4461,-2012,-2461
4462,-2055,-2496
4463,-1720,-2989
4464,-1626,-3336
4465,-1608,-3485
4466,-1915,-2749
4467,-1686,-3006
4468,-1452,-3242
4469,-1639,-2861
4470,-1578,-3039
4471,-1565,-3205
4472,-1519,-3336
4473,-1505,-3127
4474,-1654,-2994
4475,-1738,-2895
4476,-2016,-2310
4477,-1971,-2187
4478,-1922,-2096
4479,-1940,-1963
4480,-1918,-1872
4481,-1853,-2061
4482,-2016,-3389
4483,-2056,-3852
4484,-1910,-3215
4485,-2511,-2370
4486,-1784,-2804
4487,-2070,-4112
4488,-1636,-3032
4489,-2685,-2259
4490,-2624,-2161
4491,-3913,-1767
4492,-3918,-1747
4493,-3398,-1834
4494,-2185,-816
4495,-2187,-796
4496,-929,-2573
4497,-867,-2792
4498,-914,-2821
4499,-898,-2826
4500,-2424,-1109
5000,1877,-5949
5001,937,-4778
5004,1010,-5711
5005,957,-5707
5006,1074,-5702
5008,1267,-5579
5010,1046,-5556
5012,1636,-5524
5013,600,-5403
5014,558,-5358
5015,565,-5371
5016,581,-5395
5017,853,-5363
5018,860,-5378
5019,1528,-6369
5020,1454,-6257
5021,1400,-6283
5022,1299,-6237
5023,1281,-6229
5026,1317,-6224
5028,435,-6210
5030,1311,-6355
5031,630,-6240
5032,600,-6227
5033,609,-6237
5034,929,-5929
5035,750,-5680
5036,759,-5693
5037,1044,-5875
5038,1082,-5891
5039,910,-5711
5040,883,-5645
5041,949,-5712
5042,888,-5675
5043,2004,-5764
5044,1992,-5708
5045,2045,-5746
5046,1861,-5958
5047,1837,-5960
5048,1821,-5913
5049,742,-5731
5050,765,-5745
5051,720,-5766
5052,522,-5879
5053,811,-5700
5054,642,-5751
5055,584,-5883
5056,624,-5832
5057,1417,-5541
5058,1584,-5507
5059,1761,-5608
5060,1696,-5591
5061,1590,-5552
5062,1689,-5561
5063,1434,-5510
5064,1692,-5528
5065,1501,-5533
5066,1486,-5546
5067,1450,-5558
5068,383,-5832
5069,495,-5796
5070,778,-5332
5071,889,-5317
5072,819,-5329
5073,1449,-5728
5074,1372,-5727
5075,1603,-5786
5076,1489,-6319
5077,1415,-6262
5078,1394,-6217
5079,1367,-6234
5080,1233,-6112
5081,1247,-6071
5082,1256,-6066
5083,1281,-6304
5084,1243,-6256
5085,1239,-6250
5086,1461,-6328
5087,1139,-6349
5088,1157,-6348
5089,1146,-6037
5090,898,-6262
5091,995,-6295
5092,997,-6215
5093,958,-6360
5094,973,-6363
5095,1111,-6098
5096,656,-6456
5097,1355,-6119
5098,1062,-6237
5099,1379,-6154
5100,1251,-6125
5101,715,-6409
5102,790,-6368
5103,796,-6353
5104,745,-6429
5105,621,-6579
5106,715,-6468
5109,621,-6620
5110,1217,-6166
5111,1123,-6149
5112,1132,-6268
5113,830,-5662
5114,1075,-5837
5115,1102,-5846
5116,1193,-5956
5117,1039,-5843
5118,1112,-5788
5119,1073,-5646
5120,1056,-5668
5121,1133,-5863
5122,507,-5712
5123,1287,-5684
5124,423,-5742
5125,1608,-5594
5126,418,-5827
5127,708,-5350
5128,1903,-5666
5129,657,-5684
5130,1138,-5920
5131,1251,-6104
5132,1077,-6174
5133,1050,-6217
5134,1276,-6144
5135,590,-6615
5136,651,-6556
5137,1725,-5846
5139,1012,-5664
5140,976,-5663
5141,1060,-5659
5142,1013,-5622
5143,1008,-5612
5144,1222,-5533
5145,1139,-5535
5146,1097,-5528
5147,1079,-5510
5148,1385,-5509
5149,1155,-5495
5150,904,-5344
5151,661,-5371
5152,644,-5346
5153,973,-5306
5154,946,-5336
5155,814,-6003
5156,646,-6043
5157,509,-6083
5158,510,-6172
5159,614,-6127
5160,736,-6081
5161,678,-6194
5162,805,-6131
5163,1046,-5970
5164,971,-5683
5165,959,-5639
5166,1004,-5690
5167,956,-5659
5168,971,-5848
5169,1051,-5654
5170,1031,-5503
5171,844,-5037
5172,1502,-5586
5173,301,-5861
5174,1161,-6383
5175,1142,-6389
5176,1127,-6405
5177,981,-6261
5178,1068,-6138
5179,762,-5772
5180,466,-5914
5181,443,-5908
5182,569,-5783
5183,535,-5915
5184,565,-5918
5185,1808,-5646
5186,1731,-5633
5187,1632,-5585
5188,1749,-5589
5189,1759,-5548
5190,1531,-5566
5191,1454,-5600
5192,722,-5364
5193,1390,-5771
5194,1629,-5829
5195,1325,-6234
5196,1288,-6358
5197,1485,-6382
5198,1106,-6069
5199,1131,-6078
5200,834,-6302
5201,850,-6309
5202,941,-6397
5203,960,-6395
5204,1418,-6149
5205,1049,-6287
5206,1446,-6186
5207,1425,-6195
5208,643,-6447
5209,677,-6458
5210,712,-6485
5211,662,-6530
5212,593,-6670
5213,1161,-6181
5214,1122,-6320
5215,711,-5677
5216,1116,-5827
5217,413,-5730
5218,1292,-5726
5219,1965,-5720
5220,627,-5695
5221,1131,-5961
5222,546,-6661
5223,1291,-6185
5224,929,-6253
5225,944,-6257
5226,954,-6264
5227,1297,-5624
5228,1311,-5662
5229,1118,-5569
5230,1015,-5530
5231,748,-6038
5233,769,-6046
5234,577,-6079
5235,437,-6122
5236,423,-6111
5237,963,-6343
5238,915,-6284
5240,1125,-5907
5241,1162,-6405
5242,976,-5892
